{"cameraMode":{"drawMode":0,"name":"Shaded","section":"Shading Mode"},"sceneLighting":false,"audioPlay":false,"sceneViewState":{"m_AlwaysRefresh":false,"showFog":true,"showSkybox":false,"showFlares":true,"showImageEffects":true,"showParticleSystems":true,"showVisualEffectGraphs":true,"m_FxEnabled":true},"in2DMode":false,"pivot":{"x":-0.5581138134002686,"y":6.963225841522217,"z":-23.295894622802736},"rotation":{"x":-0.002342797350138426,"y":-0.9499327540397644,"z":0.007124066818505526,"w":-0.3123778998851776},"size":0.5076725482940674,"orthographic":false}